{
  "2014BE04306": {
    "Class": "XB",
    "ContactDetails": {
      "FatherMobile": 9920802789,
      "MotherMobile": 9930514109,
      "fatherEmail": "mailto:hiteshdhankani@gmail.com",
      "motherEmail": "mailto:vaishalidhanknai@gmail.com"
    },
    "Dob": "14/01/2009",
    "Medical": {
      "Alergies": {
        "Dust": true,
        "Penicilin": false
      },
      "Blood": "O+",
      "Height": "5\"11",
      "Sex": "male"
    },
    "Name": "mihir dhankani",
    "Permisions": {
      "artRoom": "",
      "compLab": 103009112024,
      "elibrary ": ""
    },
    "canteenCash": 100,
    "lunch": {
      "-NcOOpH4I2BPWt9KReHH": "",
      "-NcOP7ROIHB1-p4ZzXMa": 1,
      "-NcOPr62uxibNSNWDZ7X": "",
      "-NcOPsxO18A2vEx7A3Dd": ""
    },
    "lunchFacility": true
  },
  "2012BE72064": {
    "Class": "XA",
    "ContactDetails": {
      "FatherMobile": 9920802789,
      "MotherMobile": 9930514109,
      "fatherEmail": "mailto:hiteshdhankani@gmail.com",
      "motherEmail": "mailto:vaishalidhanknai@gmail.com"
    },
    "Dob": "22/10/2009",
    "Medical": {
      "Alergies": {
        "Dust": "",
        "Penicilin": ""
      },
      "Blood": "O+",
      "Height": "6\"2",
      "Sex": "male"
    },
    "Name": "mahir srivastava",
    "Permisions": {
      "artRoom": 904519122024,
      "compLab": "",
      "elibrary ": ""
    },
    "canteenCash": 145,
    "lunch": {
    },
    "lunchFacility": false
  }
}